category,CategoryRevenue
Home,2485930.200000002
Grocery,2464687.2199999983
Electronics,1961637.1900000023
Beauty,1903895.340000002
Books,1528720.6000000006
Sports,1517197.71
Clothing,1468407.590000001
Toys,1347107.2800000014
