city,TotalOrders,RegionalRevenue
Accra,1304,6032768.229999981
Kumasi,625,2874175.8599999994
Tamale,296,1554749.1600000027
Takoradi,278,1182842.529999999
Tema,228,815849.2799999999
"Cape Coast",152,743949.4500000003
Ho,168,743593.0499999999
Sunyani,149,729655.5700000004
