order_month,TotalTransactions,TotalRevenueGHS,AOV_GHS
October,510,2344730.8500000024,4597.51
September,425,2155280.010000003,5071.25
August,329,1810914.4400000032,5504.3
July,322,1338323.589999999,4156.28
May,259,1183154.17,4568.16
June,250,1129403.1000000003,4517.61
March,204,940877.4799999997,4612.14
April,203,786632.9299999999,3875.04
January,168,775004.0499999996,4613.12
November,181,751125.7300000007,4149.87
December,171,733359.5799999997,4288.65
February,178,728777.2000000005,4094.25
