payment_method,OrdersCount,TotalRevenue
paypal,810,3819613.2800000063
cash,824,3786989.5800000047
mobile_money,785,3695177.4899999886
card,781,3375802.7800000003
